<?xml version="1.0" encoding="UTF-8"?>
<beans xmlns="http://www.springframework.org/schema/beans"
	   xmlns:xsi="http://www.w3.org/2001/XMLSchema-instance"
	   xmlns:jdbc="http://www.springframework.org/schema/jdbc"
	   xmlns:tx="http://www.springframework.org/schema/tx"
	   xmlns:context="http://www.springframework.org/schema/context"
	   xmlns:mybatis-spring="http://mybatis.org/schema/mybatis-spring"
	   xsi:schemaLocation="http://mybatis.org/schema/mybatis-spring http://mybatis.org/schema/mybatis-spring-1.2.xsd
	    http://www.springframework.org/schema/jdbc http://www.springframework.org/schema/jdbc/spring-jdbc.xsd
	    http://www.springframework.org/schema/context http://www.springframework.org/schema/context/spring-context-4.2.xsd
		http://www.springframework.org/schema/beans http://www.springframework.org/schema/beans/spring-beans.xsd
		http://www.springframework.org/schema/tx http://www.springframework.org/schema/tx/spring-tx.xsd"		
		>

		<!-- 데이터베이스 이름 및 계정 저장 파일 로드 -->
		<bean id="propertyPlaceholderConfigurer" class="org.springframework.beans.factory.config.PropertyPlaceholderConfigurer">
			<property name="locations">
				<value>/WEB-INF/config/jdbc.properties</value>
			</property>
		</bean>

	<!-- HikariConfig 설정 -->
	<bean id="hikariConfig" class="com.zaxxer.hikari.HikariConfig">
		<property name="driverClassName" value="${jdbc.driverClassName}"></property>
		<property name="jdbcUrl" value="${jdbc.url}"></property>
	    <property name="username" value="${jdbc.username}"/>
	    <property name="password" value="${jdbc.password}"/>
	</bean>

	<!-- Hikari 풀을 DataSource로 설정 -->
	<bean id="dataSource" class="com.zaxxer.hikari.HikariDataSource" destroy-method="close">
	    <constructor-arg ref="hikariConfig" />
	</bean>	

	<!-- [매퍼 인터페이스(Dao 인터페이스) 설정 - 베이스 패키지 하위의 모든 인터페이스를 매퍼인터페이스로 인식] -->
	<mybatis-spring:scan base-package="com.study.erum.repository"/>

	<!-- 파일 모두 생성했는지 확인 -->
	<bean id="sqlSessionFactory" class="org.mybatis.spring.SqlSessionFactoryBean">
		<property name="dataSource" ref="dataSource"/>
		<property name="configLocation" value ="classpath:/mybatis/mybatis-config.xml" />
		<property name="mapperLocations" value="classpath:/mybatis/mapper/*.xml" />
	</bean>
	
	<!-- sqlSession 생성 -->
	<bean id="sqlSession" class="org.mybatis.spring.SqlSessionTemplate">
		<constructor-arg name="sqlSessionFactory" ref="sqlSessionFactory" />
	</bean>

	<bean id="transactionManager"
		  class="org.springframework.jdbc.datasource.DataSourceTransactionManager">
		<property name="dataSource" ref="dataSource" />
	</bean>

	<tx:annotation-driven transaction-manager="transactionManager"/>

</beans>