<?xml version="1.0" encoding="UTF-8"?>
<!DOCTYPE mapper PUBLIC "-//mybatis.org//DTD Mapper 3.0//EN"
        "http://mybatis.org/dtd/mybatis-3-mapper.dtd">
<mapper namespace="com.study.erum.repository.MemberRepository">

    <insert id="save" parameterType="member">
        insert into member_table(memberEmail, memberPassword, memberName, memberAge, memberMobile)
        values (#{memberEmail}, #{memberPassword}, #{memberName}, #{memberAge}, #{memberMobile})
    </insert>
    
    <select id="login" parameterType="member" resultType="member">
        select memberEmail, memberPassword, memberName, memberAge, memberMobile from member_table where memberEmail=#{memberEmail} and memberPassword=#{memberPassword}
    </select>
    
    <select id="findAll" resultType="member">
        select memberId, memberEmail, memberPassword, memberName, memberAge, memberMobile from member_table
    </select>
    
    <select id="findById" parameterType="Long" resultType="member">
        select memberId, memberEmail, memberPassword, memberName, memberAge, memberMobile from member_table where memberId=#{memberId}
    </select>
    
    <delete id="delete" parameterType="Long">
        delete from member_table where memberId = #{memberId}
    </delete>
    
    <select id="findByMemberEmail" parameterType="String" resultType="member">
        select memberId, memberEmail, memberPassword, memberName, memberAge, memberMobile
        from member_table where memberEmail = #{loginEmail}
    </select>
    
    <update id="update" parameterType="member">
        update member_table set memberAge=#{memberAge}, memberMobile=#{memberMobile}
        where memberId=#{memberId}
    </update>
    
</mapper>